"Product","Gene_Name","Count","Example_Tag","DbXrefs"
"Inner membrane protein",NA,118,"GEGEGB_00715","SO:0001217, UniRef:UniRef50_A0A2X1PWQ4"
"MFS transporter",NA,44,"GEGEGB_00305","SO:0001217, UniRef:UniRef50_A0A0T9WM45"
"Amino acid permease/ SLC12A domain-containing protein",NA,36,"GEGEGB_00165","SO:0001217, UniRef:UniRef50_A0A0G3EUP7"
"Fimbrial-type adhesion domain-containing protein",NA,36,"GEGEGB_00023","SO:0001217, UniRef:UniRef50_A9MR69"
"ABC transporter ATP-binding protein",NA,28,"GEGEGB_00906","SO:0001217, UniRef:UniRef50_A0A0F1BEW3"
"ABC-type dipeptide transporter",NA,18,"GEGEGB_00678","SO:0001217, UniRef:UniRef50_A0A377CBZ7"
"Amino acid permease",NA,18,"GEGEGB_00545","SO:0001217, UniRef:UniRef50_S3BNV8"
"Citrate lyase alpha chain",NA,18,"GEGEGB_00066","SO:0001217, UniRef:UniRef50_P75726"
"Citrate lyase subunit beta",NA,18,"GEGEGB_00065","SO:0001217, UniRef:UniRef50_P17725"
"Citrate synthase",NA,18,"GEGEGB_02256","SO:0001217, UniRef:UniRef50_P0ABH7"
"DNA-binding protein H-NS",NA,18,"GEGEGB_01754","SO:0001217, UniRef:UniRef50_P0DOA5"
"Flagellar basal-body rod protein FlgF","flgF",18,"GEGEGB_01837","SO:0001217, UniRef:UniRef50_A0A2S5THT3"
"GlsB/YeaQ/YmgE family stress response membrane protein",NA,18,"GEGEGB_01143","SO:0001217, UniRef:UniRef50_A0A653L0T6"
"Iron-binding protein IscA","iscA",18,"GEGEGB_00340","SO:0001217, UniRef:UniRef50_B7J5X1"
"Mechanosensitive ion channel family protein",NA,18,"GEGEGB_01200","SO:0001217, UniRef:UniRef50_A7MNC9"
"Nitrate reductase subunit beta",NA,18,"GEGEGB_01569","SO:0001217, UniRef:UniRef50_A0A7C6CEJ9"
"Nucleoside transporter/FeoB GTPase Gate domain-containing protein",NA,18,"GEGEGB_04807","SO:0001217, UniRef:UniRef50_A8ADA5"
"Outer membrane lipoprotein",NA,18,"GEGEGB_03708","SO:0001217, UniRef:UniRef50_S5MXC2"
"Outer membrane protein",NA,18,"GEGEGB_00748","SO:0001217, UniRef:UniRef50_Q7CQ92"
"Respiratory nitrate reductase 2 alpha chain",NA,18,"GEGEGB_01568","SO:0001217, UniRef:UniRef50_P19319"
"Solute-binding protein family 3/N-terminal domain-containing protein",NA,18,"GEGEGB_00549","SO:0001217, UniRef:UniRef50_A7MH44"
"TRAP transporter large permease protein",NA,18,"GEGEGB_03754","SO:0001217, UniRef:UniRef50_A0A083ZVS3"
"TRAP transporter small permease protein",NA,18,"GEGEGB_03753","SO:0001217, UniRef:UniRef50_A0A447N0K8"
"Transporter",NA,18,"GEGEGB_00496","SO:0001217, UniRef:UniRef50_S5NHH7"
"Apo-citrate lyase phosphoribosyl-dephospho-CoA transferase",NA,17,"GEGEGB_00067","SO:0001217, UniRef:UniRef50_B7LWL8"
"Fimbrial usher protein",NA,17,"GEGEGB_04881","SO:0001217, UniRef:UniRef50_Q8ZJU1"
"Integral membrane protein",NA,17,"GEGEGB_02188","SO:0001217, UniRef:UniRef50_A0A5V7M7H2"
"Transport permease protein",NA,17,"GEGEGB_02182","SO:0001217, UniRef:UniRef50_Q7N6N9"
"Nucleoside permease NupG","nupG",16,"GEGEGB_00472","SO:0001217, UniRef:UniRef50_P0AFF4"
"DNA-binding protein",NA,11,"GEGEGB_03144","SO:0001217, UniRef:UniRef50_A0A0H2V1L1"
"Autotransporter domain-containing protein",NA,10,"GEGEGB_02470","SO:0001217, UniRef:UniRef50_A0A1X1D1Y9"
"Efflux pump membrane transporter",NA,10,"GEGEGB_00413","SO:0001217, UniRef:UniRef50_A0A510IXH6"
"Membrane protein",NA,10,"GEGEGB_02954","SO:0001217, UniRef:UniRef50_A0A379UU93"
"Permease",NA,10,"GEGEGB_03852","SO:0001217, UniRef:UniRef50_Q8ZKW9"
"2-keto-3-deoxygluconate permease 1",NA,9,"GEGEGB_00177","BlastRules:WP_001022089, SO:0001217, UniRef:UniRef50_P65207"
"2-keto-3-deoxygluconate permease 2",NA,9,"GEGEGB_02331","BlastRules:WP_000694473, SO:0001217, UniRef:UniRef50_Q8ZQZ4"
"2-methylisocitrate lyase",NA,9,"GEGEGB_02626","SO:0001217, UniRef:UniRef50_Q8EJW1"
"2-nitroimidazole transporter",NA,9,"GEGEGB_01221","SO:0001217, UniRef:UniRef50_P76242"
"3-hydroxybenzoate transporter MhbT","mhbT",9,"GEGEGB_00721","SO:0001217, UniRef:UniRef50_Q5EXK5"
"4-hydroxyphenylacetate permease",NA,9,"GEGEGB_01912","SO:0001217, UniRef:UniRef50_A0A379SYB7"
"ABC transport system, permease component YbhS","ybhS",9,"GEGEGB_02181","SO:0001217, UniRef:UniRef50_A0A0T9UBZ6"
"ABC transporter ATP binding protein",NA,9,"GEGEGB_00188","SO:0001217, UniRef:UniRef50_A0A0W0U308"
"ABC transporter ATP-binding protein ModF","modF",9,"GEGEGB_02219","SO:0001217, UniRef:UniRef50_P31060"
"ABC transporter ATP-binding protein/permease",NA,9,"GEGEGB_02522","SO:0001217, UniRef:UniRef50_A0A376VLX3"
"ABC transporter ATP-binding/permease protein YojI","yojI",9,"GEGEGB_00645","SO:0001217, UniRef:UniRef50_P33941"
"ABC transporter arginine-binding protein 1",NA,9,"GEGEGB_04637","SO:0001217, UniRef:UniRef50_P30860"
"ABC transporter domain-containing protein",NA,9,"GEGEGB_02153","SO:0001217, UniRef:UniRef50_A0A3M4PYG5"
"ABC transporter permease",NA,9,"GEGEGB_02467","SO:0001217, UniRef:UniRef50_A0A917LJM3"
"ABC transporter substrate-binding protein ArtJ","artJ",9,"GEGEGB_02113","BlastRules:WP_001295339, SO:0001217, UniRef:UniRef50_A0A264VXK4"
"ABC transporter, ATP-binding protein",NA,9,"GEGEGB_02095","SO:0001217, UniRef:UniRef50_D4E8G0"
"ABC-type xenobiotic transporter",NA,9,"GEGEGB_02083","SO:0001217, UniRef:UniRef50_A0A246NLP7"
"ABC3 transporter permease C-terminal domain-containing protein",NA,9,"GEGEGB_02472","SO:0001217, UniRef:UniRef50_A0A076LKE1"
"AI-2E family transporter",NA,9,"GEGEGB_04156","SO:0001217, UniRef:UniRef50_A8AR35"
"APC family permease",NA,9,"GEGEGB_01319","SO:0001217, UniRef:UniRef50_A0A212IK18"
"ATP-binding component of an ABC superfamily nickel transporter",NA,9,"GEGEGB_01199","SO:0001217, UniRef:UniRef50_A0A198G6Z2"
"ATP-binding component of an ABC superfamily osmoprotectant transporter",NA,9,"GEGEGB_00737","SO:0001217, UniRef:UniRef50_A0A085AG43"
"ATP-binding protein Uup",NA,9,"GEGEGB_01962","SO:0001217, UniRef:UniRef50_P43672"
"ATP-dependent Clp protease ATP-binding subunit ClpX","clpX",9,"GEGEGB_02537","SO:0001217, UniRef:UniRef50_Q1QVW2"
"ATP-dependent Clp protease adapter protein ClpS","clpS",9,"GEGEGB_02093","SO:0001217, UniRef:UniRef50_B5XYB2"
"ATP/GTP-binding protein",NA,9,"GEGEGB_01527","SO:0001217, UniRef:UniRef50_A9MRR0"
"ATPase component of energizing moduleof queuosine-regulated ECF transporter",NA,9,"GEGEGB_03147","SO:0001217, UniRef:UniRef50_S5NC86"
"Ail/Lom family outer membrane beta-barrel protein",NA,9,"GEGEGB_02645","SO:0001217, UniRef:UniRef50_A0A2J4YQS5"
"Alpha-ketoglutarate permease",NA,9,"GEGEGB_00277","SO:0001217, UniRef:UniRef50_B2TYL0"
"Amino acid ABC transporter permease",NA,9,"GEGEGB_01618","SO:0001217, UniRef:UniRef50_A0A3S4IB21"
"Amino acid ABC transporter permease component",NA,9,"GEGEGB_01616","SO:0001217, UniRef:UniRef50_Q8ZPA2"
"Ammonium transporter",NA,9,"GEGEGB_02519","SO:0001217, UniRef:UniRef50_A0A380APN2"
"Anaerobic C4-dicarboxylate transporter DcuC","dcuC",9,"GEGEGB_02355","SO:0001217, UniRef:UniRef50_P0ABP3"
"Anhydromuropeptide permease",NA,9,"GEGEGB_02542","SO:0001217, UniRef:UniRef50_P0AE16"
"Arginine ABC transporter permease component",NA,9,"GEGEGB_02111","SO:0001217, UniRef:UniRef50_Q2NU06"
"Arginine ABC transporter permease protein ArtM","artM",9,"GEGEGB_02112","SO:0001217, UniRef:UniRef50_P0AE30"
"Arginine transport ATP-binding protein ArtP","artP",9,"GEGEGB_02109","SO:0001217, UniRef:UniRef50_A0AA41XYP2"
"Aspartate/glutamate permease AcaP","acaP",9,"GEGEGB_02070","SO:0001217, UniRef:UniRef50_A2RL65"
"Autoinducer 2 import ATP-binding protein LsrA","lsrA",9,"GEGEGB_03731","SO:0001217, UniRef:UniRef50_A0A379B5Q6"
"Autoinducer 2 import system permease protein LsrC","lsrC",9,"GEGEGB_03730","SO:0001217, UniRef:UniRef50_P77672"
"Autoinducer 2-binding protein LsrB","lsrB",9,"GEGEGB_03728","SO:0001217, UniRef:UniRef50_P76142"
"Bacterial microcompartment shell protein EutL","eutL",9,"GEGEGB_00438","SO:0001217, UniRef:UniRef50_P0A1C9"
"Bacterial microcompartment shell protein EutS","eutS",9,"GEGEGB_00425","SO:0001217, UniRef:UniRef50_Q9ZFV7"
"Bacterial microcompartment shell vertex protein EutN","eutN",9,"GEGEGB_00430","SO:0001217, UniRef:UniRef50_P41792"
"Benzoate transporter",NA,9,"GEGEGB_01595","SO:0001217, UniRef:UniRef50_A0A1X1D7S9"
"Biotin transporter",NA,9,"GEGEGB_03510","SO:0001217, UniRef:UniRef50_P0ADP5"
"Branched-chain amino acid ABC transporter permease",NA,9,"GEGEGB_03765","SO:0001217, UniRef:UniRef50_A8AL36"
"Branched-chain amino acid permease BrnQ","brnQ",9,"GEGEGB_02593","SO:0001217, UniRef:UniRef50_P0AD99"
"C4-dicarboxylate transporter DctC","dctC",9,"GEGEGB_04117","BlastRules:WP_000858214, BlastRules:WP_003082442, SO:0001217, UniRef:UniRef50_A0A097R7G0"
"CDF family cation-efflux transporter FieF","fieF",9,"GEGEGB_03744","BlastRules:WP_001076748, BlastRules:WP_003093118, NCBIProtein:BAE77395.1, SO:0001217, UniRef:UniRef50_P69380"
"Carbohydrate transporter",NA,9,"GEGEGB_02687","SO:0001217, UniRef:UniRef50_A0A3F3IR32"
"Cell division ATP-binding protein FtsE","ftsE",9,"GEGEGB_04168","SO:0001217, UniRef:UniRef50_P44871"
"Cell division protein FtsX","ftsX",9,"GEGEGB_04169","SO:0001217, UniRef:UniRef50_P0AC30"
"Chloramphenical resistance permease RarD","rarD",9,"GEGEGB_03518","SO:0001217, UniRef:UniRef50_A0A156JPX3"
"Chlorhexidine efflux transporter domain-containing protein",NA,9,"GEGEGB_03079","SO:0001217, UniRef:UniRef50_S5MZU1"
"Chloride channel protein",NA,9,"GEGEGB_00490","SO:0001217, UniRef:UniRef50_A0A919I7T6"
"Choline-binding protein",NA,9,"GEGEGB_00735","SO:0001217, UniRef:UniRef50_A0A379N3Q1"
"Citrate carrier",NA,9,"GEGEGB_03238","SO:0001217, UniRef:UniRef50_A9MQJ0"
"Citrate lyase acyl carrier protein",NA,9,"GEGEGB_00064","SO:0001217, UniRef:UniRef50_B7LVP5"
"Citrate transporter-like domain-containing protein",NA,9,"GEGEGB_03441","SO:0001217, UniRef:UniRef50_F3B4M1"
"ClpXP protease specificity-enhancing factor",NA,9,"GEGEGB_03426","SO:0001217, UniRef:UniRef50_A0A0T9TVK0"
"Coenzyme Q-binding protein COQ10 START domain-containing protein",NA,9,"GEGEGB_02774","SO:0001217, UniRef:UniRef50_H2FST7"
"Curved DNA-binding protein",NA,9,"GEGEGB_01908","SO:0001217, UniRef:UniRef50_A8AI78"
"Cyclic di-GMP binding protein BcsE","bcsE",9,"GEGEGB_04107","SO:0001217, UniRef:UniRef50_P37657"
"Cyclic di-GMP-binding protein",NA,9,"GEGEGB_04111","SO:0001217, UniRef:UniRef50_P37652"
"Cytochrome c-type protein NrfB","nrfB",9,"GEGEGB_04410","SO:0001217, UniRef:UniRef50_P0ABL1"
"Cytosine permease",NA,9,"GEGEGB_03417","SO:0001217, UniRef:UniRef50_P0AA82"
"D-serine/D-alanine/glycine transporter",NA,9,"GEGEGB_04682","SO:0001217, UniRef:UniRef50_Q6A5H4"
"DNA replication terminus site-binding protein",NA,9,"GEGEGB_01411","SO:0001217, UniRef:UniRef50_A0A2P5GTY5"
"DNA uptake porin HofQ","hofQ",9,"GEGEGB_04237","SO:0001217, UniRef:UniRef50_A0A7L7IMV1"
"DNA-binding protein Fis",NA,9,"GEGEGB_03470","SO:0001217, UniRef:UniRef50_P57902"
"DNA-binding protein HU-beta",NA,9,"GEGEGB_03639","SO:0001217, UniRef:UniRef50_A0A090ASH9"
"DedA family inner membrane protein YabI","yabI",9,"GEGEGB_00114","SO:0001217, UniRef:UniRef50_A0A377TMN9"
"Dipeptide and tripeptide permease A",NA,9,"GEGEGB_01394","SO:0001217, UniRef:UniRef50_Q0WEG0"
"Dipeptide and tripeptide permease B",NA,9,"GEGEGB_04138","SO:0001217, UniRef:UniRef50_P36837"
"Dipeptide and tripeptide permease C",NA,9,"GEGEGB_00320","SO:0001217, UniRef:UniRef50_P39276"
"Dipeptide permease D",NA,9,"GEGEGB_02277","SO:0001217, UniRef:UniRef50_Q7CQY0"
"Dipeptide transport system permease protein DppB","dppB",9,"GEGEGB_04098","SO:0001217, UniRef:UniRef50_P0AEF8"
"Dipeptide transport system permease protein DppC","dppC",9,"GEGEGB_04099","SO:0001217, UniRef:UniRef50_P0AEG1"
"DsdX permease","dsdX",9,"GEGEGB_03915","SO:0001217, UniRef:UniRef50_A0A2X2T347"
"ECF transporter S component",NA,9,"GEGEGB_03145","SO:0001217, UniRef:UniRef50_A8APE3"
"EamA family transporter RarD","rarD",9,"GEGEGB_03036","SO:0001217, UniRef:UniRef50_UPI0019CAF06C"
"Energy-coupling factor transporter transmembrane protein EcfT","ecfT",9,"GEGEGB_03146","SO:0001217, UniRef:UniRef50_A0A8S0FN79"
"Envelope stress response membrane protein PspB","pspB",9,"GEGEGB_01684","SO:0001217, UniRef:UniRef50_Q9F4H3"
"Envelope stress response membrane protein PspC","pspC",9,"GEGEGB_01683","SO:0001217, UniRef:UniRef50_A0A484Z727"
"Ethanolamine utilization microcompartment protein EutK","eutK",9,"GEGEGB_00439","SO:0001217, UniRef:UniRef50_A0A6L5EAN2"
"Extracellular solute-binding protein family 3",NA,9,"GEGEGB_02322","SO:0001217, UniRef:UniRef50_B1G7D0"
"Fe(3+)-siderophore ABC transporter permease",NA,9,"GEGEGB_02393","SO:0001217, UniRef:UniRef50_A0A7D5H6H1"
"Fe2+-enterobactin ABC transporter substrate-binding protein",NA,9,"GEGEGB_02391","SO:0001217, UniRef:UniRef50_A0A7H0MB01"
"Ferric enterobactin receptor",NA,9,"GEGEGB_02811","SO:0001217, UniRef:UniRef50_S6BLS3"
"Ferrienterobactin receptor",NA,9,"GEGEGB_02401","SO:0001217, UniRef:UniRef50_P05825"
"Fimbriae subunit",NA,9,"GEGEGB_02688","SO:0001217, UniRef:UniRef50_Q7CR56"
"Fimbrial chaperone protein",NA,9,"GEGEGB_02653","SO:0001217, UniRef:UniRef50_A0A3S4G1S0"
"Fimbrial outer membrane usher protein StdB","stdB",9,"GEGEGB_03088","SO:0001217, UniRef:UniRef50_A0A5U9WYF0"
"Fimbrial protein",NA,9,"GEGEGB_04883","SO:0001217, UniRef:UniRef50_A0A0F5B9S0"
"Fimbrial subunit",NA,9,"GEGEGB_04880","SO:0001217, UniRef:UniRef50_Q8ZJU2"
"Fimbrial usher protein StbD","stbD",9,"GEGEGB_02656","SO:0001217, UniRef:UniRef50_A0A6P1V930"
"Flagella basal body P-ring formation protein FlgA","flgA",9,"GEGEGB_01843","SO:0001217, UniRef:UniRef50_P75933"
"Flagella synthesis protein FlgN","flgN",9,"GEGEGB_01845","SO:0001217, UniRef:UniRef50_P43533"
"Flagellar FliJ protein","fliJ",9,"GEGEGB_00969","SO:0001217, UniRef:UniRef50_P52613"
"Flagellar L-ring protein",NA,9,"GEGEGB_01836","SO:0001217, UniRef:UniRef50_F7RW61"
"Flagellar M-ring protein",NA,9,"GEGEGB_00973","SO:0001217, UniRef:UniRef50_P15928"
"Flagellar P-ring protein",NA,9,"GEGEGB_01835","SO:0001217, UniRef:UniRef50_A0A0E3ZKT4"
"Flagellar basal body rod protein FlgB","flgB",9,"GEGEGB_01842","SO:0001217, UniRef:UniRef50_P16437"
"Flagellar basal-body rod protein FlgC","flgC",9,"GEGEGB_01841","SO:0001217, UniRef:UniRef50_A0A653ZK36"
"Flagellar biosynthesis protein FlhA","flhA",9,"GEGEGB_01025","SO:0001217, UniRef:UniRef50_Q89AN5"
"Flagellar biosynthetic protein FlhB","flhB",9,"GEGEGB_01024","SO:0001217, UniRef:UniRef50_A0AA94H4W7"
"Flagellar biosynthetic protein FliQ","fliQ",9,"GEGEGB_00962","SO:0001217, UniRef:UniRef50_P0AC07"
"Flagellar biosynthetic protein FliR","fliR",9,"GEGEGB_00961","SO:0001217, UniRef:UniRef50_P54702"
"Flagellar hook protein FlgE","flgE",9,"GEGEGB_01839","SO:0001217, UniRef:UniRef50_A0A2T7AJ89"
"Flagellar hook-associated protein 1",NA,9,"GEGEGB_01833","SO:0001217, UniRef:UniRef50_A0A376TIC6"
"Flagellar hook-associated protein 3",NA,9,"GEGEGB_01832","SO:0001217, UniRef:UniRef50_Q6D6G9"
"Flagellar hook-basal body complex protein FliE","fliE",9,"GEGEGB_00974","SO:0001217, UniRef:UniRef50_A0A0U5GMW4"
"Flagellar motor stator protein MotA","motA",9,"GEGEGB_01015","SO:0001217, UniRef:UniRef50_A0AA95GI55"
"Flagellar motor switch protein FliG","fliG",9,"GEGEGB_00972","SO:0001217, UniRef:UniRef50_Q7VYE6"
"Flagellar motor switch protein FliM","fliM",9,"GEGEGB_00966","SO:0001217, UniRef:UniRef50_P06974"
"Flagellar motor switch protein FliN","fliN",9,"GEGEGB_00965","SO:0001217, UniRef:UniRef50_P15070"
"Flagellar protein FliL","fliL",9,"GEGEGB_00967","SO:0001217, UniRef:UniRef50_A1JSW4"
"Flagellar protein FliO","fliO",9,"GEGEGB_00964","SO:0001217, UniRef:UniRef50_P0A1L1"
"Flagellar regulator flk",NA,9,"GEGEGB_00533","SO:0001217, UniRef:UniRef50_P15286"
"Flagellar secretion chaperone FliS","fliS",9,"GEGEGB_00981","SO:0001217, UniRef:UniRef50_P26609"
"Flagellar transcriptional regulator FlhC","flhC",9,"GEGEGB_01014","SO:0001217, UniRef:UniRef50_J7TP89"
"Flagellar transcriptional regulator FlhD","flhD",9,"GEGEGB_01013","SO:0001217, UniRef:UniRef50_Q8XCE8"
"Flagellum-specific ATP synthase",NA,9,"GEGEGB_00970","SO:0001217, UniRef:UniRef50_A0A484X499"
"Fluoride-specific ion channel FluC","fluC",9,"GEGEGB_02352","SO:0001217, UniRef:UniRef50_Q6D7N0"
"Formate transporter",NA,9,"GEGEGB_00510","SO:0001217, UniRef:UniRef50_A0A1Y0L9R0"
"Formate transporter FocA","focA",9,"GEGEGB_02064","SO:0001217, UniRef:UniRef50_A0A1V4B3H6"
"Fructose permease IID component",NA,9,"GEGEGB_01108","SO:0001217, UniRef:UniRef50_P26382"
"GPH family transporter",NA,9,"GEGEGB_00164","SO:0001217, UniRef:UniRef50_A0A0E1GVZ2"
"Galactoside transporter permease MglC","mglC",9,"GEGEGB_00711","SO:0001217, UniRef:UniRef50_A0A447R1S8"
"Glutamate transport ATP-binding protein",NA,9,"GEGEGB_02167","SO:0001217, UniRef:UniRef50_A0A085GK57"
"Glutamate transport ATP-binding protein GluA","gluA",9,"GEGEGB_02326","SO:0001217, UniRef:UniRef50_Q8RQL7"
"Glutamine ABC transporter permease GlnP","glnP",9,"GEGEGB_02166","SO:0001217, UniRef:UniRef50_A0AAE9R8E0"
"Glutathione import ATP-binding protein GsiA","gsiA",9,"GEGEGB_02145","SO:0001217, UniRef:UniRef50_P75796"
"Glutathione transport system permease protein GsiC","gsiC",9,"GEGEGB_02143","SO:0001217, UniRef:UniRef50_P75798"
"Glutathione transport system permease protein GsiD","gsiD",9,"GEGEGB_02142","SO:0001217, UniRef:UniRef50_A0A377TP34"
"Glutathione-binding protein GsiB","gsiB",9,"GEGEGB_02144","SO:0001217, UniRef:UniRef50_P75797"
"Glycerol-3-phosphate transporter",NA,9,"GEGEGB_00621","SO:0001217, UniRef:UniRef50_P37948"
"Glycine transporter domain-containing protein",NA,9,"GEGEGB_03989","SO:0001217, UniRef:UniRef50_A0A088QDU6"
"H(+)/Cl(-) exchange transporter ClcA","clcA",9,"GEGEGB_00216","SO:0001217, UniRef:UniRef50_Q8ZRP8"
"H-NS-and StpA-binding protein",NA,9,"GEGEGB_01403","SO:0001217, UniRef:UniRef50_A0A2B7MLN2"
"HAAAP family serine/threonine permease SdaC","sdaC",9,"GEGEGB_03018","BlastRules:WP_000450476, SO:0001217, UniRef:UniRef50_P0AAD6"
"Heme-binding protein A",NA,9,"GEGEGB_04097","SO:0001217, UniRef:UniRef50_P33950"
"High-affinity branched-chain amino acid transport ATP-binding protein BraG","braG",9,"GEGEGB_04178","SO:0001217, UniRef:UniRef50_P21630"
"High-affinity branched-chain amino acid transport system permease protein LivH","livH",9,"GEGEGB_04175","SO:0001217, UniRef:UniRef50_P0AEX7"
"High-affinity gluconate transporter",NA,9,"GEGEGB_04213","SO:0001217, UniRef:UniRef50_P39835"
"High-affinity zinc uptake system membrane protein ZnuB","znuB",9,"GEGEGB_01047","SO:0001217, UniRef:UniRef50_P39832"
"Histidine/lysine/arginine/ornithine transport ATP-binding protein HisP","hisP",9,"GEGEGB_00553","SO:0001217, UniRef:UniRef50_P02915"
"Histone-like bacterial DNA-binding protein, hupB family","hupB",9,"GEGEGB_02534","SO:0001217, UniRef:UniRef50_C1DGL7"
"Inhibitor of glucose uptake transporter SgrT","sgrT",9,"GEGEGB_00120","SO:0001217, UniRef:UniRef50_A0A0J1LLN9"
"Inner membrane ABC transporter permease protein YejE","yejE",9,"GEGEGB_00679","SO:0001217, UniRef:UniRef50_P33915"
"Inner membrane ABC transporter permease protein yejB","yejB",9,"GEGEGB_00680","SO:0001217, UniRef:UniRef50_A0A4U9D2T2"
"Inner membrane protein YaaH","yaaH",9,"GEGEGB_00009","SO:0001217, UniRef:UniRef50_A0A8S0G258"
"Inner membrane protein YbbJ","ybbJ",9,"GEGEGB_02480","SO:0001217, UniRef:UniRef50_P0AAS3"
"Inner membrane protein YbhN","ybhN",9,"GEGEGB_02186","SO:0001217, UniRef:UniRef50_P75770"
"Inner membrane protein YbiR","ybiR",9,"GEGEGB_02155","SO:0001217, UniRef:UniRef50_P75788"
"Inner membrane protein YbjJ","ybjJ",9,"GEGEGB_02132","SO:0001217, UniRef:UniRef50_P75810"
"Inner membrane protein YbjM","ybjM",9,"GEGEGB_02128","SO:0001217, UniRef:UniRef50_P64439"
"Inner membrane protein YccF","yccF",9,"GEGEGB_01950","SO:0001217, UniRef:UniRef50_P0AB12"
"Inner membrane protein YccS","yccS",9,"GEGEGB_01951","SO:0001217, UniRef:UniRef50_P75870"
"Inner membrane protein YdcZ","ydcZ",9,"GEGEGB_01581","SO:0001217, UniRef:UniRef50_P76111"
"Inner membrane protein YdgK","ydgK",9,"GEGEGB_01402","SO:0001217, UniRef:UniRef50_A0A090V4A7"
"Inner membrane protein YdjM","ydjM",9,"GEGEGB_01270","SO:0001217, UniRef:UniRef50_P64481"
"Inner membrane protein YebE","yebE",9,"GEGEGB_01060","SO:0001217, UniRef:UniRef50_P33218"
"Inner membrane protein YebZ","yebZ",9,"GEGEGB_01066","SO:0001217, UniRef:UniRef50_P76278"
"Inner membrane protein YeeA","yeeA",9,"GEGEGB_00864","SO:0001217, UniRef:UniRef50_P33011"
"Inner membrane protein YejM","yejM",9,"GEGEGB_00669","SO:0001217, UniRef:UniRef50_P0AD27"
"Inner membrane protein YfeZ","yfeZ",9,"GEGEGB_00446","SO:0001217, UniRef:UniRef50_P76538"
"Inner membrane protein YgbE","ygbE",9,"GEGEGB_02969","SO:0001217, UniRef:UniRef50_P46141"
"Inner membrane protein YghB","yghB",9,"GEGEGB_03233","SO:0001217, UniRef:UniRef50_A0A2X3DNJ8"
"Inner membrane protein YhaH","yhaH",9,"GEGEGB_03312","SO:0001217, UniRef:UniRef50_P64590"
"Inner membrane protein YijD","yijD",9,"GEGEGB_03679","SO:0001217, UniRef:UniRef50_P0AF40"
"Inner membrane protein YlaC","ylaC",9,"GEGEGB_02512","SO:0001217, UniRef:UniRef50_P0AAS0"
"Inner membrane protein YohD","yohD",9,"GEGEGB_00730","SO:0001217, UniRef:UniRef50_A0A484YEZ6"
"Inner membrane protein YohK","yohK",9,"GEGEGB_00718","SO:0001217, UniRef:UniRef50_P0AD19"
"Inner membrane protein YpjD","ypjD",9,"GEGEGB_02766","SO:0001217, UniRef:UniRef50_P64432"
"Inner membrane protein YqiJ","yqiJ",9,"GEGEGB_03272","SO:0001217, UniRef:UniRef50_P76657"
"Inner membrane protein YqjE","yqjE",9,"GEGEGB_03308","SO:0001217, UniRef:UniRef50_A0A2Y9U2E3"
"Inner membrane protein YrbG","yrbG",9,"GEGEGB_03397","SO:0001217, UniRef:UniRef50_P45394"
"Inner membrane protein ybhQ","ybhQ",9,"GEGEGB_02183","SO:0001217, UniRef:UniRef50_A8AIZ5"
"Inner membrane protein ycdZ","ycdZ",9,"GEGEGB_01879","SO:0001217, UniRef:UniRef50_A0A8S0FXZ0"
"Inner membrane transport permease YadH","yadH",9,"GEGEGB_00189","SO:0001217, UniRef:UniRef50_P0AFN6"
"Inner membrane transporter YjeM","yjeM",9,"GEGEGB_04631","SO:0001217, UniRef:UniRef50_U5MSK9"
"Intermembrane phospholipid transport system ATP-binding protein MlaF","mlaF",9,"GEGEGB_03396","SO:0001217, UniRef:UniRef50_P63386"
"Intermembrane phospholipid transport system binding protein MlaC","mlaC",9,"GEGEGB_03393","SO:0001217, UniRef:UniRef50_P0ADV7"
"Intermembrane phospholipid transport system binding protein MlaD","mlaD",9,"GEGEGB_03394","SO:0001217, UniRef:UniRef50_P45029"
"Intermembrane phospholipid transport system permease protein MlaE","mlaE",9,"GEGEGB_03395","SO:0001217, UniRef:UniRef50_A0A418GDJ1"
"Inverse autotransporter beta-domain domain-containing protein",NA,9,"GEGEGB_01661","SO:0001217, UniRef:UniRef50_V1H4F9"
"Ion channel protein Tsx",NA,9,"GEGEGB_00470","SO:0001217, UniRef:UniRef50_D3VLA1"
"Iron ABC transporter",NA,9,"GEGEGB_00214","SO:0001217, UniRef:UniRef50_A0A0J8YC22"
"Iron export ABC transporter permease subunit FetB","fetB",9,"GEGEGB_02477","SO:0001217, UniRef:UniRef50_A0A0A7FTF0"
"Iron(3+)-hydroxamate import ATP-binding protein FhuC","fhuC",9,"GEGEGB_00212","SO:0001217, UniRef:UniRef50_P07821"
"Iron(3+)-hydroxamate-binding protein FhuD","fhuD",9,"GEGEGB_00213","SO:0001217, UniRef:UniRef50_P07822"
"Iron-siderophore ABC transporter permease",NA,9,"GEGEGB_02227","SO:0001217, UniRef:UniRef50_A0A0F6TZF5"
"Isocitrate dehydrogenase [NADP] 1",NA,9,"GEGEGB_01775","SO:0001217, UniRef:UniRef50_A0A5A4WIX0"
"Isocitrate dehydrogenase kinase/phosphatase",NA,9,"GEGEGB_04339","SO:0001217, UniRef:UniRef50_P51067"
"Isocitrate lyase",NA,9,"GEGEGB_04338","SO:0001217, UniRef:UniRef50_B6BQ52"
"Kdo(2)-lipid A phosphoethanolamine 7''-transferase",NA,9,"GEGEGB_04091","SO:0001217, UniRef:UniRef50_P37661"
"L(+)-tartrate dehydratase subunit alpha",NA,9,"GEGEGB_03440","SO:0001217, UniRef:UniRef50_A0AA86DWW2"
"L(+)-tartrate dehydratase subunit beta",NA,9,"GEGEGB_03439","SO:0001217, UniRef:UniRef50_A0A448HJ19"
"L-cystine ABC transporter ATP-binding protein YecC","yecC",9,"GEGEGB_00991","SO:0001217, UniRef:UniRef50_A0A0E1NIK3"
"L-cystine transport system permease protein TcyL","tcyL",9,"GEGEGB_00990","SO:0001217, UniRef:UniRef50_P0AFT2"
"L-fucose permease",NA,9,"GEGEGB_03023","SO:0001217, UniRef:UniRef50_A0A376LAT6"
"L-lactate permease",NA,9,"GEGEGB_04037","SO:0001217, UniRef:UniRef50_P33231"
"LPS-assembly lipoprotein LptE","lptE",9,"GEGEGB_02335","SO:0001217, UniRef:UniRef50_A0A653VNZ2"
"LPS-assembly lipoprotein LptM","lptM",9,"GEGEGB_03527","SO:0001217, UniRef:UniRef50_H5V6H7"
"LPS-assembly protein LptD","lptD",9,"GEGEGB_00100","SO:0001217, UniRef:UniRef50_B4F2H9"
"Large-conductance mechanosensitive channel",NA,9,"GEGEGB_04318","SO:0001217, UniRef:UniRef50_P0A742"
"Lipid A 1-diphosphate synthase",NA,9,"GEGEGB_00684","SO:0001217, UniRef:UniRef50_P76445"
"Lipid A biosynthesis (KDO)2-(Lauroyl)-lipid IVA acyltransferase",NA,9,"GEGEGB_01051","SO:0001217, UniRef:UniRef50_A0A379GIK2"
"Lipid A biosynthesis lauroyltransferase",NA,9,"GEGEGB_01861","SO:0001217, UniRef:UniRef50_P0ACV0"
"Lipid A biosynthesis palmitoleoyltransferase",NA,9,"GEGEGB_00495","SO:0001217, UniRef:UniRef50_P0ACV2"
"Lipid A export ATP-binding/permease MsbA","msbA",9,"GEGEGB_02054","SO:0001217, UniRef:UniRef50_A0A377XU15"
"Lipopolysaccharide 1,2-N-acetylglucosaminetransferase",NA,9,"GEGEGB_04013","SO:0001217, UniRef:UniRef50_P26470"
"Lipopolysaccharide 1,6-galactosyltransferase",NA,9,"GEGEGB_04008","SO:0001217, UniRef:UniRef50_P27127"
"Lipopolysaccharide N-acetylmannosaminouronosyltransferase",NA,9,"GEGEGB_03546","SO:0001217, UniRef:UniRef50_A0AA42EID2"
"Lipopolysaccharide assembly protein A",NA,9,"GEGEGB_01708","SO:0001217, UniRef:UniRef50_P0ACV4"
"Lipopolysaccharide assembly protein B",NA,9,"GEGEGB_01707","SO:0001217, UniRef:UniRef50_C4K8Q1"
"Lipopolysaccharide core heptose(I) kinase",NA,9,"GEGEGB_04006","SO:0001217, UniRef:UniRef50_A0A377DB85"
"Lipopolysaccharide core heptose(II) kinase WaaY","waaY",9,"GEGEGB_04011","SO:0001217, UniRef:UniRef50_P27240"
"Lipopolysaccharide export system ATP-binding protein LptB","lptB",9,"GEGEGB_03402","SO:0001217, UniRef:UniRef50_P45073"
"Lipopolysaccharide export system permease protein LptF","lptF",9,"GEGEGB_04750","SO:0001217, UniRef:UniRef50_P0AF98"
"Lipopolysaccharide export system permease protein LptG","lptG",9,"GEGEGB_04751","SO:0001217, UniRef:UniRef50_P0ADC6"
"Lipopolysaccharide export system protein LptA","lptA",9,"GEGEGB_03401","SO:0001217, UniRef:UniRef50_P0ADV1"
"Lipopolysaccharide export system protein LptC","lptC",9,"GEGEGB_03400","SO:0001217, UniRef:UniRef50_P0ADV9"
"Lipopolysaccharide glucosyltransferase WaaO","waaO",9,"GEGEGB_04009","SO:0001217, UniRef:UniRef50_P27128"
"Lipopolysaccharide heptosyltransferase 1",NA,9,"GEGEGB_04015","SO:0001217, UniRef:UniRef50_P0DX54"
"Lipopolysaccharide heptosyltransferase 2",NA,9,"GEGEGB_04016","SO:0001217, UniRef:UniRef50_P37692"
"Lipopolysaccharide heptosyltransferase 3",NA,9,"GEGEGB_04004","SO:0001217, UniRef:UniRef50_P25742"
"Lipoprotein releasing system ATP-binding protein LolD","lolD",9,"GEGEGB_01795","SO:0001217, UniRef:UniRef50_A0A377TS80"
"Lipoprotein-releasing system transmembrane protein LolE","lolE",9,"GEGEGB_01794","SO:0001217, UniRef:UniRef50_P75958"
"Low-affinity gluconate transporter",NA,9,"GEGEGB_04198","SO:0001217, UniRef:UniRef50_P0AC96"
"LpxT activity modulator PmrR","pmrR",9,"GEGEGB_04424","SO:0001217, UniRef:UniRef50_A0A1R0FS77"
"Lysophospholipid transporter LplT","lplT",9,"GEGEGB_03061","SO:0001217, UniRef:UniRef50_P39196"
"Maltoporin",NA,9,"GEGEGB_04363","SO:0001217, UniRef:UniRef50_A0A2P7RBI5"
"Maltose/maltodextrin import ATP-binding protein MalK","malK",9,"GEGEGB_04362","SO:0001217, UniRef:UniRef50_P68187"
"Maltose/maltodextrin transport system permease protein",NA,9,"GEGEGB_04360","SO:0001217, UniRef:UniRef50_A0A379YFR7"
"Maltose/maltodextrin transport system permease protein MalG","malG",9,"GEGEGB_04359","SO:0001217, UniRef:UniRef50_A0A845SKQ7"
"MdtK family multidrug efflux MATE transporter","mdtK",9,"GEGEGB_01366","BlastRules:WP_001175077, SO:0001217, UniRef:UniRef50_P37340"
"Mechanosensitive channel MscK","mscK",9,"GEGEGB_02505","SO:0001217, UniRef:UniRef50_P77338"
"Melibiose permease",NA,9,"GEGEGB_04433","SO:0001217, UniRef:UniRef50_P30878"
"Membrane protein insertase YidC","yidC",9,"GEGEGB_03876","SO:0001217, UniRef:UniRef50_P25714"
"Methyl-accepting chemotaxis citrate transducer",NA,9,"GEGEGB_01649","SO:0001217, UniRef:UniRef50_A0A484XJD6"
"Microcompartment protein PduB","pduB",9,"GEGEGB_00884","SO:0001217, UniRef:UniRef50_A0A2S6HS62"
"Miniconductance mechanosensitive channel",NA,9,"GEGEGB_02411","SO:0001217, UniRef:UniRef50_V5Z9H5"
"Miniconductance mechanosensitive channel MscM","mscM",9,"GEGEGB_04633","SO:0001217, UniRef:UniRef50_A0A379TH57"
"Mlc titration factor A",NA,9,"GEGEGB_00939","SO:0001217, UniRef:UniRef50_P76346"
"Mn(2+) uptake NRAMP transporter MntH","mntH",9,"GEGEGB_00486","BlastRules:WP_000131735, SO:0001217, UniRef:UniRef50_B2VDY7"
"Moderate conductance mechanosensitive channel YbiO","ybiO",9,"GEGEGB_02168","SO:0001217, UniRef:UniRef50_P75783"
"Molybdate ABC transporter substrate-binding protein",NA,9,"GEGEGB_03211","SO:0001217, UniRef:UniRef50_Q8Z3R4"
"Molybdenum import ATP-binding protein ModC","modC",9,"GEGEGB_02214","SO:0001217, UniRef:UniRef50_P09833"
"Molybdenum transport system permease protein ModB","modB",9,"GEGEGB_02215","SO:0001217, UniRef:UniRef50_P45322"
"MotA/TolQ/ExbB proton channel domain-containing protein",NA,9,"GEGEGB_04389","SO:0001217, UniRef:UniRef50_A0A7Z1PNX2"
"Multidrug resistance-like ATP-binding protein MdlB","mdlB",9,"GEGEGB_02521","SO:0001217, UniRef:UniRef50_P0AAG5"
"Multidrug transporter MdfA","mdfA",9,"GEGEGB_02134","SO:0001217, UniRef:UniRef50_A0A1B3EZB9"
"Multidrug-efflux transporter",NA,9,"GEGEGB_00913","SO:0001217, UniRef:UniRef50_A0A486S2R5"
"NAAT family transporter YchE","ychE",9,"GEGEGB_01751","BlastRules:WP_000616554, SO:0001217, UniRef:UniRef50_A0A379UQF4"
"Negative regulator of flagellin synthesis",NA,9,"GEGEGB_01844","SO:0001217, UniRef:UniRef50_P0AEM4"
"Ni(II)/Co(II) efflux transporter accessory subunit RcnB","rcnB",9,"GEGEGB_00754","BlastRules:WP_000153067, SO:0001217, UniRef:UniRef50_A0A1B7K2J7"
"Nicotinamide riboside transporter PnuC","pnuC",9,"GEGEGB_02231","SO:0001217, UniRef:UniRef50_P24520"
"Nitrate reductase molybdenum cofactor assembly chaperone NarJ","narJ",9,"GEGEGB_01763","SO:0001217, UniRef:UniRef50_P0AF26"
"Nitrate/nitrite response regulator protein NarP","narP",9,"GEGEGB_00663","SO:0001217, UniRef:UniRef50_P31802"
"Nitrate/nitrite sensor protein NarQ","narQ",9,"GEGEGB_00414","SO:0001217, UniRef:UniRef50_P27896"
"Nitrate/nitrite transporter",NA,9,"GEGEGB_01567","SO:0001217, UniRef:UniRef50_A0A379W7S3"
"Nucleoside-specific channel-forming protein Tsx",NA,9,"GEGEGB_02576","SO:0001217, UniRef:UniRef50_P0A927"
"Oligopeptide ABC transporter ATP-binding protein",NA,9,"GEGEGB_01746","SO:0001217, UniRef:UniRef50_A0A377BHS0"
"Oligopeptide transport system permease protein OppB","oppB",9,"GEGEGB_01749","SO:0001217, UniRef:UniRef50_P0AFH2"
"Outer membrane assembly protein AsmA","asmA",9,"GEGEGB_00795","SO:0001217, UniRef:UniRef50_A0A1M0W3U0"
"Outer membrane lipoprotein Blc",NA,9,"GEGEGB_04625","SO:0001217, UniRef:UniRef50_A0A8S0G642"
"Outer membrane lipoprotein DolP","dolP",9,"GEGEGB_03350","SO:0001217, UniRef:UniRef50_P64596"
"Outer membrane lipoprotein RcsF","rcsF",9,"GEGEGB_00266","SO:0001217, UniRef:UniRef50_P69411"
"Outer membrane pore protein N, non-specific",NA,9,"GEGEGB_02662","SO:0001217, UniRef:UniRef50_A0A285B4F0"
"Outer membrane porin C 2",NA,9,"GEGEGB_00641","SO:0001217, UniRef:UniRef50_A0A4P7TME1"
"Outer membrane protein TolC","tolC",9,"GEGEGB_03261","SO:0001217, UniRef:UniRef50_P02930"
"Outer membrane protein W",NA,9,"GEGEGB_01734","SO:0001217, UniRef:UniRef50_P0A915"
"Outer membrane protein X",NA,9,"GEGEGB_02162","SO:0001217, UniRef:UniRef50_P0A917"
"Outer membrane protein YcfR","ycfR",9,"GEGEGB_01799","SO:0001217, UniRef:UniRef50_D8MRQ4"
"Outer membrane protein YfaZ","yfaZ",9,"GEGEGB_00609","SO:0001217, UniRef:UniRef50_P76471"
"Outer membrane protein assembly factor BamB","bamB",9,"GEGEGB_00366","SO:0001217, UniRef:UniRef50_P77774"
"Outer membrane protein assembly factor BamC","bamC",9,"GEGEGB_00404","SO:0001217, UniRef:UniRef50_I6CHY6"
"Outer membrane protein assembly factor BamD","bamD",9,"GEGEGB_02753","SO:0001217, UniRef:UniRef50_P0AC02"
"Outer membrane protein assembly factor BamE","bamE",9,"GEGEGB_02772","SO:0001217, UniRef:UniRef50_D1P3C6"
"Outer membrane protein beta-barrel domain-containing protein",NA,9,"GEGEGB_03091","SO:0001217, UniRef:UniRef50_V7IX70"
"Outer membrane usher protein AggC","aggC",9,"GEGEGB_02689","SO:0001217, UniRef:UniRef50_P46005"
"Outer membrane-specific lipoprotein transporter subunit LolC","lolC",9,"GEGEGB_01796","SO:0001217, UniRef:UniRef50_A0A1B9KKP0"
"PTS N N'-diacetylchitobiose transporter subunit IIA",NA,9,"GEGEGB_01261","SO:0001217, UniRef:UniRef50_A0A0C7KBX5"
"PTS N,N'-diacetylchitobiose transporter subunit IIB","chbB",9,"GEGEGB_01259","BlastRules:WP_000412169, EC:2.7.1.196, SO:0001217, UniRef:UniRef50_P69795"
"PTS glucitol/sorbitol transporter subunit IIA",NA,9,"GEGEGB_02875","SO:0001217, UniRef:UniRef50_A0A0D7LMP5"
"PTS glucitol/sorbitol transporter subunit IIC","srlA",9,"GEGEGB_02873","BlastRules:WP_000573321, EC:2.7.1.198, SO:0001217, UniRef:UniRef50_P56579"
"PTS glucose transporter subunit IIA",NA,9,"GEGEGB_00460","SO:0001217, UniRef:UniRef50_A0AAU6W552"
"PTS mannitol transporter subunit IICBA","mtlA",9,"GEGEGB_04045","BlastRules:WP_000093247, EC:2.7.1.198, SO:0001217, UniRef:UniRef50_P00550"
"PTS mannose transporter subunit IIC","manY",9,"GEGEGB_01109","BlastRules:WP_000406926, EC:2.7.1.199, SO:0001217, UniRef:UniRef50_Q9RGG3"
"PTS sugar transporter subunit IIA",NA,9,"GEGEGB_00560","SO:0001217, UniRef:UniRef50_A0A0M9ID73"
"PTS sugar transporter subunit IIC",NA,9,"GEGEGB_03951","SO:0001217, UniRef:UniRef50_R2NSH7"
"PTS system glucose-specific transporter subunits IIBC",NA,9,"GEGEGB_01812","SO:0001217, UniRef:UniRef50_A0A379WW78"
"Penicillin-binding protein 1A",NA,9,"GEGEGB_04232","SO:0001217, UniRef:UniRef50_A0A1B9JPH8"
"Penicillin-binding protein 1B",NA,9,"GEGEGB_00209","SO:0001217, UniRef:UniRef50_A0A0U3BXI8"
"Penicillin-binding protein activator LpoA","lpoA",9,"GEGEGB_03347","SO:0001217, UniRef:UniRef50_P45464"
"Penicillin-binding protein activator LpoB","lpoB",9,"GEGEGB_01807","SO:0001217, UniRef:UniRef50_P0AB38"
"Peptide ABC transporter ATP-binding protein",NA,9,"GEGEGB_01198","SO:0001217, UniRef:UniRef50_A0A331MZG5"
"Peptide ABC transporter permease",NA,9,"GEGEGB_01197","SO:0001217, UniRef:UniRef50_A0A2X3C4X0"
"Periplasmic murein peptide-binding protein MppA","mppA",9,"GEGEGB_01671","SO:0001217, UniRef:UniRef50_P77348"
"Periplasmic nitrate reductase",NA,9,"GEGEGB_00650","SO:0001217, UniRef:UniRef50_P33937"
"Periplasmic oligopeptide-binding protein OppA","oppA",9,"GEGEGB_01750","SO:0001217, UniRef:UniRef50_P23843"
"Periplasmic substrate-binding component of an ABC superfamily molybdenum transporter",NA,9,"GEGEGB_02216","SO:0001217, UniRef:UniRef50_A0A198FIJ0"
"Phenylalanine-specific permease",NA,9,"GEGEGB_02412","SO:0001217, UniRef:UniRef50_A0A3P8KIJ7"
"Phosphate import ATP-binding protein PstB","pstB",9,"GEGEGB_03867","SO:0001217, UniRef:UniRef50_A0A1M5Z1N6"
"Phosphate transport system permease protein PstA","pstA",9,"GEGEGB_03866","SO:0001217, UniRef:UniRef50_P07654"
"Phosphate transport system permease protein PstC","pstC",9,"GEGEGB_03865","SO:0001217, UniRef:UniRef50_P45191"
"Phosphate transporter",NA,9,"GEGEGB_04142","SO:0001217, UniRef:UniRef50_A0A389M6F3"
"Phosphate-binding protein PstS","pstS",9,"GEGEGB_03864","SO:0001217, UniRef:UniRef50_P0AG82"
"Phospholipid-binding protein, PBP family",NA,9,"GEGEGB_02205","SO:0001217, UniRef:UniRef50_A0A1I4UFG9"
"Porin",NA,9,"GEGEGB_02854","SO:0001217, UniRef:UniRef50_A7MPW9"
"Porin OmpL","ompL",9,"GEGEGB_03793","SO:0001217, UniRef:UniRef50_P76773"
"Prepilin peptidase dependent protein C-like C-terminal domain-containing protein",NA,9,"GEGEGB_03047","SO:0001217, UniRef:UniRef50_A8AP37"
"Prepilin peptidase-dependent protein B",NA,9,"GEGEGB_03049","SO:0001217, UniRef:UniRef50_P08371"
"Prepilin peptidase-dependent protein D",NA,9,"GEGEGB_00159","SO:0001217, UniRef:UniRef50_P36647"
"Proline/glycine betaine ABC transporter permease ProW","proW",9,"GEGEGB_02848","SO:0001217, UniRef:UniRef50_A0A3N2R1M8"
"Protein TonB","tonB",9,"GEGEGB_01739","SO:0001217, UniRef:UniRef50_P02929"
"Protein-export membrane protein SecF","secF",9,"GEGEGB_02582","SO:0001217, UniRef:UniRef50_A0A0J1H7N9"
"Protein-export membrane protein SecG","secG",9,"GEGEGB_03375","SO:0001217, UniRef:UniRef50_P0AG99"
"Putative 2-aminoethylphosphonate import ATP-binding protein PhnT","phnT",9,"GEGEGB_02561","SO:0001217, UniRef:UniRef50_P96063"
"Putative 2-aminoethylphosphonate transport system permease protein PhnU","phnU",9,"GEGEGB_02562","SO:0001217, UniRef:UniRef50_P96064"
"Putative 2-aminoethylphosphonate transport system permease protein PhnV","phnV",9,"GEGEGB_02563","SO:0001217, UniRef:UniRef50_P96065"
"Putative 3-phenylpropionic acid transporter",NA,9,"GEGEGB_00326","SO:0001217, UniRef:UniRef50_A0A656BEX6"
"Putative ABC transporter arginine-binding protein 2",NA,9,"GEGEGB_02110","SO:0001217, UniRef:UniRef50_P30859"
"Putative ABC transporter permease protein YehY","yehY",9,"GEGEGB_00736","SO:0001217, UniRef:UniRef50_I2B7H5"
"Putative NAD(P)-binding protein YraR","yraR",9,"GEGEGB_03351","SO:0001217, UniRef:UniRef50_P45469"
"Putative inner membrane protein",NA,9,"GEGEGB_01614","SO:0001217, UniRef:UniRef50_A0A0H3CHL7"
"Putative membrane protein",NA,9,"GEGEGB_02118","SO:0001217, UniRef:UniRef50_A0A379SGI0"
"Putative nucleoside transporter YegT","yegT",9,"GEGEGB_00760","SO:0001217, UniRef:UniRef50_P76417"
"Putative permease IIC component",NA,9,"GEGEGB_01603","SO:0001217, UniRef:UniRef50_P39365"
"Putative permease PerM","perM",9,"GEGEGB_00396","SO:0001217, UniRef:UniRef50_P0AFI9"
"Putative substrate-binding protein",NA,9,"GEGEGB_00118","SO:0001217, UniRef:UniRef50_A0A377KCN3"
"Putative uncharacterized transporter YgaY","ygaY",9,"GEGEGB_02850","SO:0001217, UniRef:UniRef50_P76628"
"Putrescine ABC transporter membrane protein",NA,9,"GEGEGB_02119","SO:0001217, UniRef:UniRef50_A0A0A8VHL7"
"Putrescine transport ATP-binding protein PotG","potG",9,"GEGEGB_02121","SO:0001217, UniRef:UniRef50_P31134"
"Putrescine transport system permease protein PotH","potH",9,"GEGEGB_02120","SO:0001217, UniRef:UniRef50_P31135"
"Putrescine transporter PotE","potE",9,"GEGEGB_02289","SO:0001217, UniRef:UniRef50_P0AAF1"
"Pyrroloquinoline quinone transporter",NA,9,"GEGEGB_01577","SO:0001217, UniRef:UniRef50_P76115"
"Respiratory nitrate reductase 2 gamma chain",NA,9,"GEGEGB_01762","SO:0001217, UniRef:UniRef50_A0A2X1KL19"
"Ribonucleoside transporter",NA,9,"GEGEGB_03945","SO:0001217, UniRef:UniRef50_A0A377UTS3"
"Ribose import binding protein RbsB","rbsB",9,"GEGEGB_03831","SO:0001217, UniRef:UniRef50_P44737"
"Ribose transport system permease protein rbsC","rbsC",9,"GEGEGB_03832","SO:0001217, UniRef:UniRef50_A0A377PRY9"
"Salt-induced outer membrane protein",NA,9,"GEGEGB_01276","SO:0001217, UniRef:UniRef50_B2VEJ4"
"Serine/threonine transporter SstT","sstT",9,"GEGEGB_03303","SO:0001217, UniRef:UniRef50_P0AGE4"
"Sigma factor-binding protein Crl",NA,9,"GEGEGB_02663","SO:0001217, UniRef:UniRef50_P24251"
"Small-conductance mechanosensitive channel",NA,9,"GEGEGB_03137","SO:0001217, UniRef:UniRef50_P0C0S1"
"Solute-binding protein family 5 domain-containing protein",NA,9,"GEGEGB_03861","SO:0001217, UniRef:UniRef50_A0A6C7I7A3"
"Spermidine/putrescine import ATP-binding protein PotA","potA",9,"GEGEGB_01787","SO:0001217, UniRef:UniRef50_A0A379TF17"
"Spermidine/putrescine transport system permease protein PotB","potB",9,"GEGEGB_01788","SO:0001217, UniRef:UniRef50_P0AFK4"
"Spermidine/putrescine transport system permease protein PotC","potC",9,"GEGEGB_01790","SO:0001217, UniRef:UniRef50_P0AFK6"
"SsrA-binding protein",NA,9,"GEGEGB_02775","SO:0001217, UniRef:UniRef50_P0A832"
"Substrate-binding transport protein",NA,9,"GEGEGB_01195","SO:0001217, UniRef:UniRef50_B7LSL2"
"Sugar efflux transporter",NA,9,"GEGEGB_01518","SO:0001217, UniRef:UniRef50_P31122"
"Sugar efflux transporter B",NA,9,"GEGEGB_00689","SO:0001217, UniRef:UniRef50_P33027"
"Sulfate transport system permease protein CysT","cysT",9,"GEGEGB_00451","SO:0001217, UniRef:UniRef50_P16701"
"Sulfate transporter CysZ","cysZ",9,"GEGEGB_00464","SO:0001217, UniRef:UniRef50_J3DCP0"
"Sulfate transporter YchM","ychM",9,"GEGEGB_01162","SO:0001217, UniRef:UniRef50_A0A377DTE9"
"Sulfate-binding protein",NA,9,"GEGEGB_03742","SO:0001217, UniRef:UniRef50_A0A085JN90"
"Sulfate/thiosulfate import ATP-binding protein CysA","cysA",9,"GEGEGB_00453","SO:0001217, UniRef:UniRef50_P16676"
"Sulphate transport system permease protein CysW","cysW",9,"GEGEGB_00452","SO:0001217, UniRef:UniRef50_Q7VRT7"
"Surface composition regulator",NA,9,"GEGEGB_03271","SO:0001217, UniRef:UniRef50_A0A087FVI7"
"Tetrathionate reductase subunit A",NA,9,"GEGEGB_01324","SO:0001217, UniRef:UniRef50_Q9Z4S6"
"Tetrathionate reductase subunit B",NA,9,"GEGEGB_01326","SO:0001217, UniRef:UniRef50_A0A3S4BWN0"
"Tetrathionate reductase subunit TtrC","ttrC",9,"GEGEGB_01325","SO:0001217, UniRef:UniRef50_A0A7G8QQ32"
"Thiamine ABC transporter ATP-binding protein",NA,9,"GEGEGB_00115","SO:0001217, UniRef:UniRef50_A0A318MR91"
"Thiamine transport system permease protein ThiP","thiP",9,"GEGEGB_00116","SO:0001217, UniRef:UniRef50_A0A8I1W5K3"
"Type 1 fimbrial protein",NA,9,"GEGEGB_00033","SO:0001217, UniRef:UniRef50_A0A764GR16"
"UPF0053 inner membrane protein YfjD","yfjD",9,"GEGEGB_02767","SO:0001217, UniRef:UniRef50_P37908"
"UPF0053 inner membrane protein YgdQ","ygdQ",9,"GEGEGB_03058","SO:0001217, UniRef:UniRef50_P67127"
"UPF0056 inner membrane protein MarC","marC",9,"GEGEGB_01517","SO:0001217, UniRef:UniRef50_P0AEY1"
"UPF0073 inner membrane protein YqfA","yqfA",9,"GEGEGB_03117","SO:0001217, UniRef:UniRef50_P67153"
"UPF0126 inner membrane protein YadS","yadS",9,"GEGEGB_00218","SO:0001217, UniRef:UniRef50_P0AFP0"
"UPF0194 membrane protein YbhG","ybhG",9,"GEGEGB_02179","SO:0001217, UniRef:UniRef50_P75777"
"UPF0208 membrane protein YfbV","yfbV",9,"GEGEGB_00568","SO:0001217, UniRef:UniRef50_P0A8D9"
"UPF0259 membrane protein YciC","yciC",9,"GEGEGB_01736","SO:0001217, UniRef:UniRef50_P21365"
"UPF0266 membrane protein KPN78578_23010",NA,9,"GEGEGB_01107","SO:0001217, UniRef:UniRef50_A6TAZ1"
"UPF0283 membrane protein YcjF","ycjF",9,"GEGEGB_01679","SO:0001217, UniRef:UniRef50_P0A8R7"
"UPF0299 membrane protein YohJ","yohJ",9,"GEGEGB_00719","SO:0001217, UniRef:UniRef50_P60632"
"UPF0387 membrane protein YohO","yohO",9,"GEGEGB_00739","SO:0001217, UniRef:UniRef50_Q2EES6"
"UPF0391 membrane protein YtjA","ytjA",9,"GEGEGB_04852","SO:0001217, UniRef:UniRef50_A0A148H625"
"UPF0702 transmembrane protein YcaP","ycaP",9,"GEGEGB_02062","SO:0001217, UniRef:UniRef50_P75839"
"UPF0719 inner membrane protein YjfL","yjfL",9,"GEGEGB_04659","SO:0001217, UniRef:UniRef50_P0AF80"
"UPF0756 membrane protein YPO3057/y1423/YP_2679",NA,9,"GEGEGB_01223","SO:0001217, UniRef:UniRef50_Q74SD5"
"Uncharacterized MFS-type transporter EH105704_07_01300",NA,9,"GEGEGB_04157","SO:0001217, UniRef:UniRef50_H5V3K5"
"Uncharacterized MFS-type transporter YcaD","ycaD",9,"GEGEGB_02071","SO:0001217, UniRef:UniRef50_P21503"
"Uncharacterized amino acid permease YtnA","ytnA",9,"GEGEGB_02590","SO:0001217, UniRef:UniRef50_O34618"
"Uncharacterized inner membrane transporter YhbE","yhbE",9,"GEGEGB_03385","SO:0001217, UniRef:UniRef50_P0AA73"
"Uncharacterized inner membrane transporter YicL","yicL",9,"GEGEGB_03956","SO:0001217, UniRef:UniRef50_O33787"
"Uncharacterized membrane protein YahN","yahN",9,"GEGEGB_02629","SO:0001217, UniRef:UniRef50_P75693"
"Uncharacterized membrane protein YhdT","yhdT",9,"GEGEGB_03466","SO:0001217, UniRef:UniRef50_P45566"
"Uncharacterized permease HI_1015",NA,9,"GEGEGB_02950","SO:0001217, UniRef:UniRef50_P71364"
"Uncharacterized transporter YaaJ","yaaJ",9,"GEGEGB_00006","SO:0001217, UniRef:UniRef50_P30143"
"Uncharacterized transporter YdhK","ydhK",9,"GEGEGB_01383","SO:0001217, UniRef:UniRef50_P76186"
"Uracil permease",NA,9,"GEGEGB_00392","SO:0001217, UniRef:UniRef50_P0AGM7"
"Virulence factor SrfB","srfB",9,"GEGEGB_01584","SO:0001217, UniRef:UniRef50_F4MZ40"
"Vitamin B12 import ATP-binding protein BtuD","btuD",9,"GEGEGB_01292","SO:0001217, UniRef:UniRef50_P06611"
"Vitamin B12 import system permease protein BtuC","btuC",9,"GEGEGB_01290","SO:0001217, UniRef:UniRef50_P06609"
"Vitamin B12 receptor protein",NA,9,"GEGEGB_03677","SO:0001217, UniRef:UniRef50_A0A379SA30"
"Vitamin B12-binding protein",NA,9,"GEGEGB_00219","SO:0001217, UniRef:UniRef50_P37028"
"Voltage gated chloride channel protein",NA,9,"GEGEGB_01483","SO:0001217, UniRef:UniRef50_A0A379S512"
"YmiA family membrane protein","ymiA",9,"GEGEGB_01713","SO:0001217, UniRef:UniRef50_A0A9Q7ZRY0"
"Zinc import ATP-binding protein ZnuC","znuC",9,"GEGEGB_01048","SO:0001217, UniRef:UniRef50_Q89AJ0"
"Zinc transporter ZitB","zitB",9,"GEGEGB_02230","SO:0001217, UniRef:UniRef50_Q8ZGY6"
"Zinc transporter ZupT","zupT",9,"GEGEGB_03265","SO:0001217, UniRef:UniRef50_P0A8H3"
"[Citrate [pro-3S]-lyase] ligase",NA,9,"GEGEGB_02358","SO:0001217, UniRef:UniRef50_P77390"
"[citrate (Pro-3S)-lyase] ligase",NA,9,"GEGEGB_00063","SO:0001217, UniRef:UniRef50_A0A379WFG3"
"anaerobic C4-dicarboxylate transporter DcuA","dcuA",9,"GEGEGB_04612","BlastRules:WP_000961959, SO:0001217, UniRef:UniRef50_P0ABN5"
"anaerobic C4-dicarboxylate transporter DcuB","dcuB",9,"GEGEGB_04435","BlastRules:WP_000899522, SO:0001217, UniRef:UniRef50_Q6D6Z6"
"autoinducer 2 ABC transporter permease LsrD","lsrD",9,"GEGEGB_03729","BlastRules:WP_001681907, SO:0001217, UniRef:UniRef50_Q8ZKQ2"
"autotransporter assembly complex protein TamA","tamA",9,"GEGEGB_04699","BlastRules:WP_001120231, SO:0001217, UniRef:UniRef50_E1WAU4"
"autotransporter assembly complex protein TamB","tamB",9,"GEGEGB_04700","BlastRules:WP_000060815, SO:0001217, UniRef:UniRef50_E0SEC3"
"bifunctional 2-methylcitrate dehydratase/aconitate hydratase",NA,9,"GEGEGB_02624","BlastRules:WP_001272709, SO:0001217, UniRef:UniRef50_Q937N6"
"branched chain amino acid ABC transporter permease LivM","livM",9,"GEGEGB_04176","BlastRules:WP_000803813, EC:7.4.2.2, SO:0001217, UniRef:UniRef50_A0A5E6WZX2"
"citrate lyase acyl carrier protein 1",NA,9,"GEGEGB_02359","BlastRules:WP_000700679, SO:0001217, UniRef:UniRef50_P69330"
"citrate/sodium symporter CitS","citS",9,"GEGEGB_00062","BlastRules:WP_000183602, BlastRules:WP_004151375, SO:0001217, UniRef:UniRef50_P31602"
"dipeptide ABC transporter ATP-binding subunit DppF","dppF",9,"GEGEGB_04101","BlastRules:WP_000107012, EC:7.4.2.-, SO:0001217, UniRef:UniRef50_P37313"
"ferrienterobactin ABC transporter ATPase","fepC",9,"GEGEGB_02395","SO:0001217, UniRef:UniRef50_A0A0Q6SLX6, VFDB:VFC0272, VFDB:VFG000925"
"ferrioxamine B receptor FoxA","foxA",9,"GEGEGB_02630","BlastRules:WP_001127727, SO:0001217, UniRef:UniRef50_A0A3S4JDP1"
"fimbrial biogenesis chaperone BcfB","bcfB",9,"GEGEGB_00024","BlastRules:WP_000742551, SO:0001217, UniRef:UniRef50_A9MR68"
"fimbrial biogenesis chaperone StbE","stbE",9,"GEGEGB_02657","BlastRules:WP_001247040, SO:0001217, UniRef:UniRef50_A6T544"
"fimbrial biogenesis chaperone StdC","stdC",9,"GEGEGB_03087","BlastRules:WP_000798504, SO:0001217, UniRef:UniRef50_A0A3S4HCS7"
"fimbrial biogenesis chaperone SthA","sthA",9,"GEGEGB_04882","BlastRules:WP_000680512, SO:0001217, UniRef:UniRef50_A0A3Z3FW79"
"flagellar brake protein YcgR","ycgR",9,"GEGEGB_01142","BlastRules:WP_000017421"
"flagellar protein FlhE","flhE",9,"GEGEGB_01026","BlastRules:WP_001233619, BlastRules:WP_001259583, SO:0001217, UniRef:UniRef50_P76297"
"flagellar type III secretion system pore protein FliP","fliP",9,"GEGEGB_00963","BlastRules:WP_001253410, SO:0001217, UniRef:UniRef50_A0A4V2JFY6"
"fumarate/nitrate reduction transcriptional regulator Fnr","fnr",9,"GEGEGB_01652","BlastRules:WP_000611911, BlastRules:WP_003243241, BlastRules:WP_005662331, SO:0001217, UniRef:UniRef50_A0A376YAA1"
"galactarate/glucarate/glycerate transporter GudP","gudP",9,"GEGEGB_03010","BlastRules:WP_000097072, SO:0001217, UniRef:UniRef50_A8ANZ6"
"glutamate/aspartate ABC transporter permease GltJ","gltJ",9,"GEGEGB_02324","BlastRules:WP_000020941, EC:7.4.2.1, SO:0001217, UniRef:UniRef50_P0AER3"
"guanine/hypoxanthine transporter GhxP","ghxP",9,"GEGEGB_04401","BlastRules:WP_000106882, SO:0001217, UniRef:UniRef50_A0A377IZ31"
"high-affinity branched-chain amino acid ABC transporter ATP-binding protein LivG","livG",9,"GEGEGB_04177","BlastRules:WP_000082101, EC:7.4.2.2, SO:0001217, UniRef:UniRef50_A0A558HEJ3"
"high-affinity branched-chain amino acid ABC transporter substrate-binding protein LivK","livK",9,"GEGEGB_04174","BlastRules:WP_000822976, SO:0001217, UniRef:UniRef50_A0A919LVJ6"
"histidine ABC transporter permease HisM","hisM",9,"GEGEGB_00552","BlastRules:WP_000569771, SO:0001217, UniRef:UniRef50_P0A2I7"
"iron/manganese ABC transporter ATP-binding protein SitB","sitB",9,"GEGEGB_02903","BlastRules:WP_000083153, BlastRules:WP_032491456, SO:0001217, UniRef:UniRef50_A0A377ZD83"
"iron/manganese ABC transporter permease subunit SitC","sitC",9,"GEGEGB_02904","BlastRules:WP_001101723, BlastRules:WP_001104336, SO:0001217, UniRef:UniRef50_Q56954"
"iron/manganese ABC transporter permease subunit SitD","sitD",9,"GEGEGB_02905","BlastRules:WP_000480208, BlastRules:WP_032491457, SO:0001217, UniRef:UniRef50_A0A0S2JGE1"
"iron/manganese ABC transporter substrate-binding protein SitA","sitA",9,"GEGEGB_02902","BlastRules:WP_000182930, BlastRules:WP_000949004, SO:0001217, UniRef:UniRef50_A0A376AHF0"
"lipopolysaccharide 1,2-glucosyltransferase RfaJ","rfaJ",9,"GEGEGB_04010","BlastRules:WP_000376841, BlastRules:WP_000376865, EC:2.4.1.58, SO:0001217, UniRef:UniRef50_P19817"
"lipopolysaccharide core heptose(II)-phosphate phosphatase","pmrG",9,"GEGEGB_00607","BlastRules:WP_000879248, EC:3.1.3.-, SO:0001217, UniRef:UniRef50_A8A2B9"
"long-chain fatty acid transporter FadL","fadL",9,"GEGEGB_00512","BlastRules:WP_001766332, SO:0001217, UniRef:UniRef50_A0A4U9HPP5"
"lysine-specific permease","lysP",9,"GEGEGB_00696","BlastRules:WP_000253273, SO:0001217, UniRef:UniRef50_A2RNZ6"
"methionine ABC transporter ATP-binding protein MetN","metN",9,"GEGEGB_00269","BlastRules:WP_000594016, BlastRules:WP_000594021, SO:0001217, UniRef:UniRef50_P30750"
"methionine ABC transporter substrate-binding lipoprotein MetQ","metQ",9,"GEGEGB_00267","BlastRules:WP_000874226, SO:0001217, UniRef:UniRef50_Q9KTJ7"
"methyl viologen efflux MFS transporter SmvA","smvA",9,"GEGEGB_01565","BlastRules:WP_114508864, SO:0001217, UniRef:UniRef50_A0A378B4C8"
"methyl-accepting chemotaxis citrate transducer",NA,9,"GEGEGB_04161","BlastRules:WP_000789683, SO:0001217, UniRef:UniRef50_Q02755"
"multidrug efflux MFS transporter EmrD","emrD",9,"GEGEGB_03918","BlastRules:WP_000828740, BlastRules:WP_000828746, BlastRules:WP_115740452, SO:0001217, UniRef:UniRef50_D2U3C7"
"multidrug efflux MFS transporter permease subunit EmrB","emrB",9,"GEGEGB_02853","BlastRules:WP_001295176, SO:0001217, UniRef:UniRef50_P0AEJ0"
"multidrug efflux RND transporter periplasmic adaptor subunit AcrA","acrA",9,"GEGEGB_02507","BlastRules:WP_001039202, BlastRules:WP_001295324, BlastRules:WP_002892072, BlastRules:WP_021241633, SO:0001217, UniRef:UniRef50_A0A1C0U3R9"
"multidrug efflux RND transporter permease subunit MdtB","mdtB",9,"GEGEGB_00786","BlastRules:WP_001197805, BlastRules:WP_001197875, SO:0001217, UniRef:UniRef50_Q8ZCW0"
"multidrug efflux RND transporter permease subunit MdtC","mdtC",9,"GEGEGB_00785","BlastRules:WP_000667481, BlastRules:WP_001210077, SO:0001217, UniRef:UniRef50_A0AAI9L9I1"
"multidrug efflux RND transporter subunit MdtA","mdtA",9,"GEGEGB_00787","BlastRules:WP_000678822, BlastRules:WP_000678989, SO:0001217, UniRef:UniRef50_A0A0J8VMS4"
"multidrug efflux transporter transcriptional repressor AcrR","acrR",9,"GEGEGB_02506","BlastRules:WP_000101745, BlastRules:WP_000101755, BlastRules:WP_002892080, SO:0001217, UniRef:UniRef50_A0A3P5DM12"
"murein tripeptide/oligopeptide ABC transporter ATP-binding protein OppF","oppF",9,"GEGEGB_01745","BlastRules:WP_000994906, BlastRules:WP_010906164, EC:7.4.2.-, SO:0001217, UniRef:UniRef50_A0A0T2KXQ0"
"nitrate transporter NarK","narK",9,"GEGEGB_01766","BlastRules:WP_000019827, BlastRules:WP_000841851, BlastRules:WP_003898992, BlastRules:WP_010886631, SO:0001217, UniRef:UniRef50_A0A379W7S3"
"nucleoside permease NupC","nupC",9,"GEGEGB_00485","BlastRules:WP_000376337, BlastRules:WP_003244143, SO:0001217, UniRef:UniRef50_A0A376W8T0"
"omptin family outer membrane protease PgtE","pgtE",9,"GEGEGB_00503","BlastRules:WP_000716007, SO:0001217, UniRef:UniRef50_P17811"
"osmoprotectant ABC transporter ATP-binding protein OsmV","osmV",9,"GEGEGB_01484","BlastRules:WP_000593086, SO:0001217, UniRef:UniRef50_Q8ZPK4"
"osmoprotectant ABC transporter permease OsmW","osmW",9,"GEGEGB_01485","BlastRules:WP_000379677, SO:0001217, UniRef:UniRef50_Q8ZPK3"
"osmoprotectant ABC transporter permease OsmY","osmY",9,"GEGEGB_01487","BlastRules:WP_000557304, SO:0001217, UniRef:UniRef50_A8AGV5"
"outer membrane lipoprotein SlyB","slyB",9,"GEGEGB_01387","BlastRules:WP_000597179, SO:0001217, UniRef:UniRef50_A0A1B8HQ76"
"peptide ABC transporter ATP-binding protein SapD","sapD",9,"GEGEGB_01694","BlastRules:WP_001128868, EC:7.6.2.-, SO:0001217, UniRef:UniRef50_A0A0F7D2Y9"
"peptide ABC transporter ATP-binding protein SapF","sapF",9,"GEGEGB_01695","BlastRules:WP_000230462, EC:7.6.2.-, SO:0001217, UniRef:UniRef50_P0AAH8"
"peptide ABC transporter permease SapB","sapB",9,"GEGEGB_01688","BlastRules:WP_000583298, SO:0001217, UniRef:UniRef50_P0AGH3"
"peptide ABC transporter permease SapC","sapC",9,"GEGEGB_01693","BlastRules:WP_001146150, SO:0001217, UniRef:UniRef50_P0AGH5"
"peptide ABC transporter substrate-binding protein SapA","sapA",9,"GEGEGB_01687","BlastRules:WP_001241629, SO:0001217, UniRef:UniRef50_A0A379S2B4"
"phosphoglycerate transporter PgtP","pgtP",9,"GEGEGB_00498","BlastRules:WP_000955748, SO:0001217, UniRef:UniRef50_P12681"
"porin OmpF","ompF",9,"GEGEGB_02038","BlastRules:WP_000977709, SO:0001217, UniRef:UniRef50_Q56113"
"propanediol utilization microcompartment protein PduA","pduA",9,"GEGEGB_00885","BlastRules:WP_001183618, SO:0001217, UniRef:UniRef50_H9L478"
"propanediol utilization microcompartment protein PduJ","pduJ",9,"GEGEGB_00878","BlastRules:WP_023226677, SO:0001217, UniRef:UniRef50_H9L478"
"propanediol utilization microcompartment protein PduK","pduK",9,"GEGEGB_00877","BlastRules:WP_001284390, SO:0001217, UniRef:UniRef50_Q9XDN6"
"propanediol utilization microcompartment protein PduT","pduT",9,"GEGEGB_00870","BlastRules:WP_000075772, SO:0001217, UniRef:UniRef50_Q9XDM8"
"propanediol utilization microcompartment protein PduU","pduU",9,"GEGEGB_00869","BlastRules:WP_000441103, SO:0001217, UniRef:UniRef50_R2RP96"
"putative ATP-dependent transporter SufC","sufC",9,"GEGEGB_01310","SO:0001217, UniRef:UniRef50_P77499"
"putative GTP-binding protein EngB","engB",9,"GEGEGB_03812","SO:0001217, UniRef:UniRef50_Q8E8J7"
"putative iron export ATP-binding protein FetA","fetA",9,"GEGEGB_02478","SO:0001217, UniRef:UniRef50_P77279"
"putative membrane transporter protein",NA,9,"GEGEGB_00521","SO:0001217, UniRef:UniRef50_I2B719"
"putative multidrug ABC transporter ATP-binding protein YbhF","ybhF",9,"GEGEGB_02180","SO:0001217, UniRef:UniRef50_P0A9U1"
"putative queuosine precursor transporter",NA,9,"GEGEGB_04159","SO:0001217, UniRef:UniRef50_A0A378NC70"
"putative succinate transporter subunit YjjB","yjjB",9,"GEGEGB_04835","SO:0001217, UniRef:UniRef50_A0A0H3FQN0"
"putative succinate transporter subunit YjjP","yjjP",9,"GEGEGB_04836","SO:0001217, UniRef:UniRef50_A0A0H3FRB6"
"quaternary ammonium compound efflux SMR transporter SugE","sugE",9,"GEGEGB_04624","BlastRules:WP_000118520, SO:0001217, UniRef:UniRef50_P20928"
"salmochelin/enterobactin export ABC transporter IroC","iroC",9,"GEGEGB_02808","BlastRules:WP_001141250, BlastRules:WP_001318221, BlastRules:WP_017345711, NCBIProtein:AUH19662.1, SO:0001217, UniRef:UniRef50_A0A246NG23"
"sialic acid transporter NanT","nanT",9,"GEGEGB_03423","BlastRules:WP_000108454, SO:0001217, UniRef:UniRef50_P41036"
"single-stranded DNA-binding protein SSB1","ssb1",9,"GEGEGB_04387","BlastRules:WP_000168322, SO:0001217, UniRef:UniRef50_P25762"
"sn-glycerol-3-phosphate import ATP-binding protein UgpC","ugpC",9,"GEGEGB_04183","SO:0001217, UniRef:UniRef50_P10907"
"sn-glycerol-3-phosphate transport system permease protein UgpA","ugpA",9,"GEGEGB_04181","SO:0001217, UniRef:UniRef50_Q7CRU3"
"sn-glycerol-3-phosphate transport system permease protein UgpE","ugpE",9,"GEGEGB_04182","SO:0001217, UniRef:UniRef50_G0AJA1"
"surface-exposed outer membrane lipoprotein YaiW","yaiW",9,"GEGEGB_02617","BlastRules:WP_000092067, BlastRules:WP_001271421, SO:0001217, UniRef:UniRef50_A0A2H9U6B9"
"thiosulfate/sulfate ABC transporter substrate-binding protein CysP","cysP",9,"GEGEGB_00450","BlastRules:WP_000290230, SO:0001217, UniRef:UniRef50_P16700"
"type 1 fimbrial protein subunit FimA","fimA",9,"GEGEGB_02436","BlastRules:WP_000681030, BlastRules:WP_000681037, SO:0001217, UniRef:UniRef50_P0ABW5"
"type I fimbriae adaptor protein FimF","fimF",9,"GEGEGB_02431","SO:0001217, UniRef:UniRef50_P38052, VFDB:VFC0001, VFDB:VFG000448"
"type I fimbriae minor fimbrial subunit FimH, adhesin","fimH",9,"GEGEGB_02432","SO:0001217, UniRef:UniRef50_A8AJR9, VFDB:VFC0001, VFDB:VFG000447"
"type III secretion system outer membrane ring protein InvG","invG",9,"GEGEGB_02938","BlastRules:WP_000848113, SO:0001217, UniRef:UniRef50_P35672"
"virulence membrane protein PagC","pagC",9,"GEGEGB_01186","BlastRules:WP_000789471, SO:0001217, UniRef:UniRef50_A0A024J5Z1"
"virulence-associated ABC transporter ATP-binding protein SfbB","sfbB",9,"GEGEGB_02468","BlastRules:WP_000569655, SO:0001217, UniRef:UniRef50_Q9S4Z0"
"ABC transporter D-alanine-binding periplasmic protein",NA,8,"GEGEGB_01615","SO:0001217, UniRef:UniRef50_Q8ZPA3"
"Ferric enterobactin transport system permease protein FepG","fepG",8,"GEGEGB_02394","SO:0001217, UniRef:UniRef50_P23877"
"Glycine betaine/proline betaine transport system ATP-binding protein ProV","proV",8,"LNHIMF_02838","SO:0001217, UniRef:UniRef50_P14175"
"Hydroxamate siderophore receptor FhuE","fhuE",8,"LNHIMF_01244","SO:0001217, UniRef:UniRef50_P16869"
"Inner membrane protein YjgN","yjgN",8,"GEGEGB_04745","SO:0001217, UniRef:UniRef50_Q08022"
"Oligopeptide ABC transporter permease",NA,8,"LNHIMF_01813","SO:0001217, UniRef:UniRef50_A0A376L5W1"
"Outer membrane porin PhoE","phoE",8,"LNHIMF_01582","SO:0001217, UniRef:UniRef50_A0A348DJ11"
"Putative transporter AraJ","araJ",8,"LNHIMF_00421","SO:0001217, UniRef:UniRef50_P23910"
"Putative transporter protein",NA,8,"GEGEGB_00532","SO:0001217, UniRef:UniRef50_G5RYC1"
"RND efflux system, outer membrane lipoprotein, NodT family","nodT",8,"GEGEGB_00728","SO:0001217, UniRef:UniRef50_E3GC31"
"Ribosome-associated ATPase/putative transporter RbbA","rbbA",8,"GEGEGB_04151","SO:0001217, UniRef:UniRef50_A0A962MAS2"
"Serine transporter",NA,8,"LNHIMF_03285","SO:0001217, UniRef:UniRef50_A8AQ03"
"Tetratricopeptide repeat protein",NA,8,"GEGEGB_01785","SO:0001217, UniRef:UniRef50_A0A750UCV3"
"Threonine/serine transporter TdcC","tdcC",8,"LNHIMF_03290","SO:0001217, UniRef:UniRef50_P0AAD8"
"Threonine/serine transporter ThrP","thrP",8,"GEGEGB_03545","SO:0001217, UniRef:UniRef50_P27837"
"Uncharacterized MFS-type transporter YdeE","ydeE",8,"GEGEGB_01512","SO:0001217, UniRef:UniRef50_P31126"
"Voltage-dependent anion channel-forming protein YneE","yneE",8,"GEGEGB_01523","SO:0001217, UniRef:UniRef50_P76146"
"YccS/YhfK family integral membrane protein",NA,8,"LNHIMF_03512","SO:0001217, UniRef:UniRef50_A0A919HXQ4"
"adhesin/invasin protein PagN","pagN",8,"GEGEGB_02676","BlastRules:WP_000787603, SO:0001217, UniRef:UniRef50_Q8ZRJ9"
"branched chain amino acid ABC transporter substrate-binding protein LivJ","livJ",8,"LNHIMF_03601","BlastRules:WP_001021996, SO:0001217, UniRef:UniRef50_A0A919LVJ6"
"chitoporin","chiP",8,"GEGEGB_02302","BlastRules:WP_001258803, SO:0001217, UniRef:UniRef50_P75733"
"efflux RND transporter permease AcrB","acrB",8,"GEGEGB_02508","BlastRules:WP_001132469, SO:0001217, UniRef:UniRef50_A0A346ACE5"
"fimbrial chaperone BcfG","bcfG",8,"GEGEGB_00031","BlastRules:WP_001135039, SO:0001217, UniRef:UniRef50_A0A6D2GD24"
"fimbrial usher BcfC","bcfC",8,"LNHIMF_00024","BlastRules:WP_001245864, SO:0001217, UniRef:UniRef50_A0A5U2F4X5"
"intimin-like inverse autotransporter SinH","sinH",8,"LNHIMF_02648","NCBIProtein:AAL21411.1, SO:0001217, UniRef:UniRef50_A0A447N6D5, VFDB:VFC0001, VFDB:VFG002307"
"osmoprotectant ABC transporter substrate-binding protein OsmX","osmX",8,"GEGEGB_01486","BlastRules:WP_001211193, SO:0001217, UniRef:UniRef50_A0A379S770"
"potassium binding protein Kbp","kbp",8,"LNHIMF_02823","BlastRules:WP_000522415, SO:0001217, UniRef:UniRef50_A0A5E6VF71"
"putative autotransporter","misL",8,"LNHIMF_03797","SO:0001217, UniRef:UniRef50_A0A5I9EM74, VFDB:VFC0001, VFDB:VFG002304"
"type 1 fimbrial protein subunit FimI","fimI",8,"GEGEGB_02435","BlastRules:WP_000619606, SO:0001217, UniRef:UniRef50_Q08456"
"citrate/succinate antiporter CitT","citT",7,"LNHIMF_00761","BlastRules:WP_000050323, SO:0001217, UniRef:UniRef50_P0AE74"
"multidrug efflux transporter outer membrane subunit MdsC","mdsC",7,"LNHIMF_00377","BlastRules:WP_001521068, SO:0001217, UniRef:UniRef50_Q7VZD2"
"Nitrite transporter NirC","nirC",5,"GEGEGB_04250","SO:0001217, UniRef:UniRef50_A0A7H0FDE5"
"Potassium channel domain-containing protein",NA,5,"HFCAGB_04598","SO:0001217, UniRef:UniRef50_A0A659R823"
"Fibronectin-binding autotransporter adhesin ShdA","shdA",4,"LNHIMF_02643","SO:0001217, UniRef:UniRef50_A0A4Z8Z0B5"
"Nitrite transporter",NA,4,"BEJGEH_03499","SO:0001217, UniRef:UniRef50_A0A085G1A2"
"Signal recognition particle receptor FtsY","ftsY",3,"LNHIMF_03605","SO:0001217, UniRef:UniRef50_A0A4R1F4U0"
"AIDA autotransporter-like protein","shdA",2,"AJBGEP_02683","SO:0001217, UniRef:UniRef50_A0A6C6YYM7, VFDB:VFC0001, VFDB:VFG002305"
"Citrate/succinate antiporter",NA,1,"GEGEGB_02364","SO:0001217, UniRef:UniRef50_P0AE74"
"Flagellar assembly protein FliH","fliH",1,"ONMMKP_00059","SO:0001217, UniRef:UniRef50_P31068"
"Gnt-II system L-idonate transporter",NA,1,"GEGEGB_04753","SO:0001217, UniRef:UniRef50_P39344"
"Inner membrane protein YqjF","yqjF",1,"HFCAGB_03457","SO:0001217, UniRef:UniRef50_A0A090UYH4"
"Inner membrane protein yiaH","yiaH",1,"GEGEGB_04072","SO:0001217, UniRef:UniRef50_A0A379TQ83"
"Integral membrane protein YccS N-terminal domain-containing protein","yccS",1,"GEGEGB_04259","SO:0001217, UniRef:UniRef50_A0A828TVJ1"
"Iron-enterobactin ABC transporter permease",NA,1,"HFCAGB_00678","SO:0001217, UniRef:UniRef50_A8AJL8"
"Outer membrane autotransporter barrel domain protein",NA,1,"HFCAGB_02785","SO:0001217, UniRef:UniRef50_D4B944"
"Outer membrane porin protein C",NA,1,"GEGEGB_01526","SO:0001217, UniRef:UniRef50_A0A484X247"
"Penicillin-binding protein 2",NA,1,"PKJKAM_00384","SO:0001217, UniRef:UniRef50_A0A485B5T7"
"Penicillin-binding protein 4 [includes: D-alanyl-D-alanine carboxypeptidase D-alanyl-D-alanine-endopeptidase]",NA,1,"PKJKAM_01725","SO:0001217, UniRef:UniRef50_A0A484YQ51"
"Uncharacterized transporter YfbS","yfbS",1,"GEGEGB_00571","SO:0001217, UniRef:UniRef50_P0AFU2"
"efflux transporter outer membrane subunit",NA,1,"PKJKAM_03383","SO:0001217, UniRef:UniRef50_UPI0006505D3F"
